"Интересует маршрут с винный туризм и музыка, но без спешки.",винный туризм;музыка
Планирую отпуск с уклоном в архитектура и обязательно с спорт.,архитектура;спорт
"Посоветуйте место, где есть искусство, а вечером — .",искусство
"Ищу необычный маршрут: хочется и еда, и немного фотография.",еда;фотография
Что порекомендуете для любителя культура и ?,культура
Где можно насладиться культура и заодно заняться музей?,культура;музей
"Маршрут, включающий животные, искусство,  — реально?",животные;искусство
"Маршрут, включающий искусство, религия,  — реально?",искусство;религия
"Хочу поездку, чтобы отдохнуть и посмотреть на искусство, может быть, ещё шопинг.",искусство;шопинг
"Хочу в путешествии увидеть музей, попробовать музыка, а может и .",музей;музыка
"Просто хочу поездку с животные, а остальное — как получится.",животные;история;религия
Где можно насладиться культура и заодно заняться музыка?,культура;музыка
Где в Европе можно насладиться архитектура и посетить ?,архитектура
"Подскажите город с парк, , и чтобы вкусно поесть.",парк
"Ищу необычный маршрут: хочется и архитектура, и немного ночная жизнь.",архитектура;ночная жизнь
Что порекомендуете для любителя винный туризм и пляж?,винный туризм;пляж;релакс
"Меня интересуют религия,  и что-то связанное с .",религия
Где можно насладиться дегустации и заодно заняться культура?,дегустации;культура
Где можно насладиться архитектура и заодно заняться дегустации?,архитектура;дегустации;шопинг
"Маршрут, включающий музыка, шопинг,  — реально?",музыка;шопинг
"Маршрут, включающий животные, ,  — реально?",животные
"Ищу необычный маршрут: хочется и животные, и немного спорт.",животные;спорт
"Хочу поездку, чтобы отдохнуть и посмотреть на дегустации, может быть, ещё релакс.",дегустации;релакс;шопинг
"Ищу необычный маршрут: хочется и дегустации, и немного музыка.",дегустации;музыка;религия
"Тур по Европе, главное — музей, но и спорт не помешает.",музей;спорт;шопинг
"Тур по Европе, главное — винный туризм, но и шопинг не помешает.",винный туризм;шопинг
Ищу место для фото с винный туризм и прогулками в пляж.,винный туризм;пляж;релакс
"Интересует маршрут с дегустации и музыка, но без спешки.",дегустации;музыка
"Маршрут, включающий животные, парк, природа — реально?",животные;парк;природа
"Посоветуйте место, где есть активность, а вечером — искусство.",активность;искусство
"Подскажите город с архитектура, еда, и чтобы вкусно поесть.",архитектура;еда;музыка
"Интересует маршрут с шопинг и , но без спешки.",шопинг
"Планирую тур с походы, вкусной  и атмосферой .",походы
"Меня интересуют винный туризм, парк и что-то связанное с .",винный туризм;парк
"Хочу поездку, чтобы отдохнуть и посмотреть на спорт, может быть, ещё фотография.",спорт;фотография
"Куда поехать летом, чтобы были активность, природа и даже немного фотография?",активность;природа;фотография
Где в Европе можно насладиться религия и посетить спорт?,религия;спорт;шопинг
"Хочу поездку, чтобы отдохнуть и посмотреть на дегустации, может быть, ещё искусство.",дегустации;искусство
"Интересует маршрут с животные и , но без спешки.",животные
"Интересует маршрут с животные и история, но без спешки.",животные;история;музей
Планирую отпуск с уклоном в религия и обязательно с спорт.,религия;спорт
"Ищу необычный маршрут: хочется и релакс, и немного религия.",релакс;религия
Ищу место для фото с музей и прогулками в пляж.,музей;пляж
Ищу место для фото с активность и прогулками в природа.,активность;природа;спорт
"Маршрут, включающий активность, фотография,  — реально?",активность;фотография
"Хочу поездку, чтобы отдохнуть и посмотреть на парк, может быть, ещё религия.",парк;религия;фотография
"Хочу отдых, где можно совместить шопинг,  и хорошее настроение.",шопинг
Что порекомендуете для любителя еда и искусство?,еда;искусство
"Интересует маршрут с архитектура и история, но без спешки.",архитектура;история
"Хочу поездку, чтобы отдохнуть и посмотреть на животные, может быть, ещё парк.",животные;парк
Где в Европе можно насладиться архитектура и посетить музей?,архитектура;музей;релакс
"Посоветуйте место, где есть дегустации, а вечером — музей.",дегустации;музей;музыка
Что порекомендуете для любителя музей и спорт?,музей;спорт;шопинг
"Интересует маршрут с природа и фотография, но без спешки.",природа;фотография
"Хочу отдых, где можно совместить музыка, походы и хорошее настроение.",музыка;походы
"Куда поехать летом, чтобы были история, пляж и даже немного ?",история;пляж
"Хочу поездку, чтобы отдохнуть и посмотреть на искусство, может быть, ещё фотография.",искусство;фотография
"Просто хочу поездку с активность, а остальное — как получится.",активность;культура
"Тур по Европе, главное — винный туризм, но и дегустации не помешает.",винный туризм;дегустации;фотография
"Интересуют походы, релакс, ну и конечно .",походы;релакс
"Хочу поездку, чтобы отдохнуть и посмотреть на релакс, может быть, ещё религия.",релакс;религия
"Планирую тур с музыка, вкусной ночная жизнь и атмосферой природа.",музыка;ночная жизнь;природа
"Маршрут, включающий животные, парк, пляж — реально?",животные;парк;пляж
Планирую отпуск с уклоном в культура и обязательно с фотография.,культура;фотография
"Меня интересуют искусство, музей и что-то связанное с .",искусство;музей
Ищу место для фото с ночная жизнь и прогулками в .,ночная жизнь
Ищу место для фото с музей и прогулками в фотография.,музей;фотография
"Интересует маршрут с история и музей, но без спешки.",история;музей;походы
"Интересуют музей, релакс, ну и конечно шопинг.",музей;релакс;шопинг
Где в Европе можно насладиться активность и посетить музей?,активность;музей
"Куда поехать летом, чтобы были винный туризм, еда и даже немного ?",винный туризм;еда
"Планирую тур с природа, вкусной  и атмосферой .",природа
"Посоветуйте место, где есть еда, а вечером — .",еда
"Ищу необычный маршрут: хочется и винный туризм, и немного .",винный туризм
Где можно насладиться еда и заодно заняться ?,еда
Что порекомендуете для любителя животные и ?,животные
"Хочу в путешествии увидеть еда, попробовать история, а может и музыка.",еда;история;музыка
Планирую отпуск с уклоном в искусство и обязательно с спорт.,искусство;спорт
"Мне нужно всё сразу: и активность, и религия, и .",активность;религия
"Хочу поездку, чтобы отдохнуть и посмотреть на походы, может быть, ещё фотография.",походы;фотография
"Хочу отдых, где можно совместить винный туризм, релакс и хорошее настроение.",винный туризм;релакс
"Мне нужно всё сразу: и архитектура, и винный туризм, и пляж.",архитектура;винный туризм;пляж
"Подскажите город с еда, искусство, и чтобы вкусно поесть.",еда;искусство;культура
"Ищу необычный маршрут: хочется и еда, и немного парк.",еда;парк
"Хочу отдых, где можно совместить музыка, парк и хорошее настроение.",музыка;парк;фотография
Ищу место для фото с музыка и прогулками в парк.,музыка;парк
Где в Европе можно насладиться история и посетить парк?,история;парк;природа
Что порекомендуете для любителя религия и ?,религия
Где можно насладиться винный туризм и заодно заняться культура?,винный туризм;культура
"Маршрут, включающий активность, дегустации, искусство — реально?",активность;дегустации;искусство
Где в Европе можно насладиться винный туризм и посетить животные?,винный туризм;животные;парк
"Мне нужно всё сразу: и культура, и пляж, и .",культура;пляж
"Просто хочу поездку с культура, а остальное — как получится.",культура;природа
Где в Европе можно насладиться парк и посетить релакс?,парк;релакс
"Тур по Европе, главное — винный туризм, но и ночная жизнь не помешает.",винный туризм;ночная жизнь;шопинг
Что порекомендуете для любителя история и природа?,история;природа;фотография
Где можно насладиться религия и заодно заняться ?,религия
Что порекомендуете для любителя походы и ?,походы
"Хочу в путешествии увидеть активность, попробовать архитектура, а может и .",активность;архитектура
"Интересует маршрут с активность и спорт, но без спешки.",активность;спорт
"Просто хочу поездку с походы, а остальное — как получится.",походы;природа
"Маршрут, включающий дегустации, животные,  — реально?",дегустации;животные
"Просто хочу поездку с дегустации, а остальное — как получится.",дегустации;искусство
Где в Европе можно насладиться животные и посетить история?,животные;история;культура
"Хочу в путешествии увидеть еда, попробовать ночная жизнь, а может и .",еда;ночная жизнь
"Маршрут, включающий спорт, ,  — реально?",спорт
Где можно насладиться релакс и заодно заняться религия?,релакс;религия
"Куда поехать летом, чтобы были искусство,  и даже немного ?",искусство
"Хочу поездку, чтобы отдохнуть и посмотреть на парк, может быть, ещё фотография.",парк;фотография
"Планирую тур с искусство, вкусной релакс и атмосферой .",искусство;релакс
Где в Европе можно насладиться архитектура и посетить религия?,архитектура;религия
Где можно насладиться природа и заодно заняться ?,природа
"Подскажите город с архитектура, спорт, и чтобы вкусно поесть.",архитектура;спорт
"Меня интересуют винный туризм,  и что-то связанное с .",винный туризм
"Тур по Европе, главное — история, но и религия не помешает.",история;религия
Планирую отпуск с уклоном в винный туризм и обязательно с животные.,винный туризм;животные;ночная жизнь
"Хочу поездку, чтобы отдохнуть и посмотреть на еда, может быть, ещё музыка.",еда;музыка;походы
"Тур по Европе, главное — история, но и парк не помешает.",история;парк
"Тур по Европе, главное — активность, но и спорт не помешает.",активность;спорт
Планирую отпуск с уклоном в культура и обязательно с .,культура
"Маршрут, включающий архитектура, винный туризм, пляж — реально?",архитектура;винный туризм;пляж
"Мне нужно всё сразу: и дегустации, и культура, и шопинг.",дегустации;культура;шопинг
"Интересует маршрут с активность и архитектура, но без спешки.",активность;архитектура
Ищу место для фото с искусство и прогулками в парк.,искусство;парк;природа
"Хочу в путешествии увидеть активность, попробовать религия, а может и .",активность;религия
"Хочу поездку, чтобы отдохнуть и посмотреть на природа, может быть, ещё фотография.",природа;фотография
"Тур по Европе, главное — животные, но и  не помешает.",животные
"Куда поехать летом, чтобы были музей, спорт и даже немного ?",музей;спорт
"Посоветуйте место, где есть пляж, а вечером — шопинг.",пляж;шопинг
"Меня интересуют еда, животные и что-то связанное с .",еда;животные
Что порекомендуете для любителя активность и искусство?,активность;искусство;история
"Хочу отдых, где можно совместить парк, природа и хорошее настроение.",парк;природа
"Куда поехать летом, чтобы были музей, природа и даже немного ?",музей;природа
Где можно насладиться активность и заодно заняться еда?,активность;еда;парк
Планирую отпуск с уклоном в активность и обязательно с архитектура.,активность;архитектура
"Посоветуйте место, где есть активность, а вечером — история.",активность;история
"Хочу поездку, чтобы отдохнуть и посмотреть на архитектура, может быть, ещё культура.",архитектура;культура
"Хочу в путешествии увидеть природа, попробовать шопинг, а может и .",природа;шопинг
"Маршрут, включающий история, культура,  — реально?",история;культура
"Подскажите город с активность, парк, и чтобы вкусно поесть.",активность;парк
"Хочу в путешествии увидеть ночная жизнь, попробовать природа, а может и .",ночная жизнь;природа
"Маршрут, включающий парк, природа,  — реально?",парк;природа
"Мне нужно всё сразу: и активность, и , и .",активность
"Планирую тур с спорт, вкусной фотография и атмосферой .",спорт;фотография
"Мне нужно всё сразу: и животные, и музей, и релакс.",животные;музей;релакс
"Куда поехать летом, чтобы были спорт,  и даже немного ?",спорт
"Мне нужно всё сразу: и животные, и , и .",животные
"Хочу в путешествии увидеть архитектура, попробовать дегустации, а может и музыка.",архитектура;дегустации;музыка
"Ищу необычный маршрут: хочется и еда, и немного музыка.",еда;музыка
Где в Европе можно насладиться парк и посетить походы?,парк;походы
"Подскажите город с спорт, , и чтобы вкусно поесть.",спорт
"Хочу поездку, чтобы отдохнуть и посмотреть на активность, может быть, ещё животные.",активность;животные
Что порекомендуете для любителя музей и ночная жизнь?,музей;ночная жизнь
Где можно насладиться архитектура и заодно заняться релакс?,архитектура;релакс
"Тур по Европе, главное — культура, но и походы не помешает.",культура;походы
Что порекомендуете для любителя искусство и релакс?,искусство;релакс
"Мне нужно всё сразу: и шопинг, и , и .",шопинг
"Ищу необычный маршрут: хочется и фотография, и немного .",фотография
"Посоветуйте место, где есть активность, а вечером — релакс.",активность;релакс
Что порекомендуете для любителя парк и ?,парк
Ищу место для фото с культура и прогулками в релакс.,культура;релакс
"Посоветуйте место, где есть архитектура, а вечером — релакс.",архитектура;релакс;шопинг
Планирую отпуск с уклоном в винный туризм и обязательно с .,винный туризм
"Планирую тур с активность, вкусной парк и атмосферой .",активность;парк
Где в Европе можно насладиться музыка и посетить ?,музыка
"Подскажите город с винный туризм, походы, и чтобы вкусно поесть.",винный туризм;походы
"Хочу отдых, где можно совместить активность, история и хорошее настроение.",активность;история
"Ищу необычный маршрут: хочется и архитектура, и немного природа.",архитектура;природа
Планирую отпуск с уклоном в история и обязательно с .,история
Планирую отпуск с уклоном в музей и обязательно с походы.,музей;походы
"Хочу поездку, чтобы отдохнуть и посмотреть на активность, может быть, ещё винный туризм.",активность;винный туризм;релакс
Где в Европе можно насладиться музей и посетить шопинг?,музей;шопинг
"Подскажите город с шопинг, , и чтобы вкусно поесть.",шопинг
"Интересуют музей, , ну и конечно .",музей
Ищу место для фото с дегустации и прогулками в .,дегустации
"Интересуют спорт, шопинг, ну и конечно .",спорт;шопинг
"Куда поехать летом, чтобы были активность, музей и даже немного парк?",активность;музей;парк
Планирую отпуск с уклоном в винный туризм и обязательно с шопинг.,винный туризм;шопинг
"Мне нужно всё сразу: и ночная жизнь, и , и .",ночная жизнь
"Хочу отдых, где можно совместить искусство, природа и хорошее настроение.",искусство;природа
"Маршрут, включающий искусство, культура,  — реально?",искусство;культура
"Хочу отдых, где можно совместить активность, культура и хорошее настроение.",активность;культура;спорт
"Ищу необычный маршрут: хочется и активность, и немного архитектура.",активность;архитектура;еда
Ищу место для фото с история и прогулками в ночная жизнь.,история;ночная жизнь
"Подскажите город с животные, парк, и чтобы вкусно поесть.",животные;парк;релакс
"Хочу поездку, чтобы отдохнуть и посмотреть на винный туризм, может быть, ещё музей.",винный туризм;музей;спорт
"Посоветуйте место, где есть музыка, а вечером — парк.",музыка;парк
Где можно насладиться ночная жизнь и заодно заняться природа?,ночная жизнь;природа
"Планирую тур с походы, вкусной природа и атмосферой .",походы;природа
"Подскажите город с винный туризм, природа, и чтобы вкусно поесть.",винный туризм;природа
"Интересуют дегустации, пляж, ну и конечно фотография.",дегустации;пляж;фотография
Где можно насладиться спорт и заодно заняться фотография?,спорт;фотография
"Меня интересуют архитектура, фотография и что-то связанное с .",архитектура;фотография
"Просто хочу поездку с еда, а остальное — как получится.",еда
"Просто хочу поездку с животные, а остальное — как получится.",животные;искусство;музей
"Мне нужно всё сразу: и ночная жизнь, и парк, и .",ночная жизнь;парк
"Интересуют ночная жизнь, , ну и конечно .",ночная жизнь
"Интересуют животные, , ну и конечно .",животные
"Хочу поездку, чтобы отдохнуть и посмотреть на шопинг, может быть, ещё .",шопинг
"Подскажите город с архитектура, религия, и чтобы вкусно поесть.",архитектура;религия
"Хочу отдых, где можно совместить дегустации, парк и хорошее настроение.",дегустации;парк;шопинг
"Планирую тур с активность, вкусной архитектура и атмосферой .",активность;архитектура
"Куда поехать летом, чтобы были пляж, спорт и даже немного шопинг?",пляж;спорт;шопинг
"Просто хочу поездку с релакс, а остальное — как получится.",релакс;шопинг
"Просто хочу поездку с винный туризм, а остальное — как получится.",винный туризм
Ищу место для фото с винный туризм и прогулками в релакс.,винный туризм;релакс
"Тур по Европе, главное — культура, но и музей не помешает.",культура;музей;пляж
"Интересуют история, , ну и конечно .",история
"Просто хочу поездку с животные, а остальное — как получится.",животные;религия
Где в Европе можно насладиться еда и посетить пляж?,еда;пляж
Ищу место для фото с дегустации и прогулками в культура.,дегустации;культура
Что порекомендуете для любителя парк и походы?,парк;походы
"Маршрут, включающий искусство, история,  — реально?",искусство;история
"Интересуют винный туризм, природа, ну и конечно спорт.",винный туризм;природа;спорт
Ищу место для фото с животные и прогулками в культура.,животные;культура;музей
"Хочу поездку, чтобы отдохнуть и посмотреть на еда, может быть, ещё .",еда
"Хочу поездку, чтобы отдохнуть и посмотреть на дегустации, может быть, ещё походы.",дегустации;походы;релакс
Где можно насладиться архитектура и заодно заняться культура?,архитектура;культура
Ищу место для фото с винный туризм и прогулками в музей.,винный туризм;музей;музыка
"Тур по Европе, главное — еда, но и  не помешает.",еда
"Интересуют архитектура, винный туризм, ну и конечно спорт.",архитектура;винный туризм;спорт
Где можно насладиться архитектура и заодно заняться походы?,архитектура;походы
"Интересует маршрут с еда и походы, но без спешки.",еда;походы;спорт
"Куда поехать летом, чтобы были походы, природа и даже немного ?",походы;природа
Планирую отпуск с уклоном в дегустации и обязательно с парк.,дегустации;парк;религия
"Мне нужно всё сразу: и музей, и , и .",музей
"Хочу в путешествии увидеть история, попробовать спорт, а может и .",история;спорт
"Куда поехать летом, чтобы были дегустации,  и даже немного ?",дегустации
"Подскажите город с животные, парк, и чтобы вкусно поесть.",животные;парк
"Мне нужно всё сразу: и релакс, и , и .",релакс
"Интересуют архитектура, история, ну и конечно .",архитектура;история
"Хочу в путешествии увидеть винный туризм, попробовать , а может и .",винный туризм
"Интересует маршрут с активность и релакс, но без спешки.",активность;релакс
Планирую отпуск с уклоном в животные и обязательно с религия.,животные;религия;шопинг
"Маршрут, включающий винный туризм, дегустации, походы — реально?",винный туризм;дегустации;походы
Где можно насладиться музей и заодно заняться ?,музей
Что порекомендуете для любителя дегустации и музей?,дегустации;музей
Что порекомендуете для любителя дегустации и история?,дегустации;история;пляж
"Планирую тур с винный туризм, вкусной  и атмосферой .",винный туризм
"Меня интересуют животные, спорт и что-то связанное с .",животные;спорт
"Мне нужно всё сразу: и еда, и фотография, и .",еда;фотография
"Интересует маршрут с ночная жизнь и пляж, но без спешки.",ночная жизнь;пляж;походы
Что порекомендуете для любителя активность и архитектура?,активность;архитектура;фотография
"Интересуют архитектура, ночная жизнь, ну и конечно .",архитектура;ночная жизнь
"Маршрут, включающий парк, пляж,  — реально?",парк;пляж
"Мне нужно всё сразу: и культура, и фотография, и .",культура;фотография
"Посоветуйте место, где есть дегустации, а вечером — религия.",дегустации;религия;шопинг
Что порекомендуете для любителя история и религия?,история;религия
"Маршрут, включающий пляж, ,  — реально?",пляж
"Ищу необычный маршрут: хочется и дегустации, и немного животные.",дегустации;животные
"Планирую тур с искусство, вкусной  и атмосферой .",искусство
"Куда поехать летом, чтобы были винный туризм, дегустации и даже немного спорт?",винный туризм;дегустации;спорт
Что порекомендуете для любителя еда и ночная жизнь?,еда;ночная жизнь;релакс
"Меня интересуют история, культура и что-то связанное с .",история;культура
"Планирую тур с архитектура, вкусной шопинг и атмосферой .",архитектура;шопинг
"Мне нужно всё сразу: и религия, и спорт, и .",религия;спорт
"Хочу поездку, чтобы отдохнуть и посмотреть на винный туризм, может быть, ещё религия.",винный туризм;религия
"Просто хочу поездку с дегустации, а остальное — как получится.",дегустации;животные
"Посоветуйте место, где есть походы, а вечером — религия.",походы;религия;спорт
"Интересует маршрут с культура и спорт, но без спешки.",культура;спорт;шопинг
"Ищу необычный маршрут: хочется и винный туризм, и немного природа.",винный туризм;природа
"Подскажите город с пляж, шопинг, и чтобы вкусно поесть.",пляж;шопинг
"Маршрут, включающий музей, фотография,  — реально?",музей;фотография
"Просто хочу поездку с культура, а остальное — как получится.",культура;религия
"Просто хочу поездку с походы, а остальное — как получится.",походы
"Хочу поездку, чтобы отдохнуть и посмотреть на активность, может быть, ещё искусство.",активность;искусство
Планирую отпуск с уклоном в парк и обязательно с .,парк
Где в Европе можно насладиться винный туризм и посетить музыка?,винный туризм;музыка
"Мне нужно всё сразу: и еда, и искусство, и .",еда;искусство
"Посоветуйте место, где есть походы, а вечером — спорт.",походы;спорт
"Меня интересуют активность, искусство и что-то связанное с музей.",активность;искусство;музей
Где можно насладиться винный туризм и заодно заняться история?,винный туризм;история;ночная жизнь
"Тур по Европе, главное — животные, но и походы не помешает.",животные;походы;шопинг
"Интересуют винный туризм, искусство, ну и конечно культура.",винный туризм;искусство;культура
"Куда поехать летом, чтобы были дегустации, природа и даже немного ?",дегустации;природа
"Ищу необычный маршрут: хочется и музыка, и немного парк.",музыка;парк;природа
"Планирую тур с пляж, вкусной релакс и атмосферой шопинг.",пляж;релакс;шопинг
"Тур по Европе, главное — активность, но и  не помешает.",активность
"Хочу в путешествии увидеть архитектура, попробовать еда, а может и музей.",архитектура;еда;музей
"Интересуют активность, еда, ну и конечно музей.",активность;еда;музей
Планирую отпуск с уклоном в винный туризм и обязательно с искусство.,винный туризм;искусство
"Интересуют винный туризм, дегустации, ну и конечно .",винный туризм;дегустации
"Ищу необычный маршрут: хочется и животные, и немного пляж.",животные;пляж;шопинг
"Хочу в путешествии увидеть еда, попробовать искусство, а может и ночная жизнь.",еда;искусство;ночная жизнь
"Интересует маршрут с искусство и религия, но без спешки.",искусство;религия
Ищу место для фото с история и прогулками в походы.,история;походы
"Маршрут, включающий музей, пляж,  — реально?",музей;пляж
"Хочу отдых, где можно совместить культура, шопинг и хорошее настроение.",культура;шопинг
"Хочу поездку, чтобы отдохнуть и посмотреть на винный туризм, может быть, ещё еда.",винный туризм;еда
"Тур по Европе, главное — активность, но и природа не помешает.",активность;природа
"Маршрут, включающий животные, пляж,  — реально?",животные;пляж
Ищу место для фото с релакс и прогулками в фотография.,релакс;фотография
"Куда поехать летом, чтобы были архитектура, шопинг и даже немного ?",архитектура;шопинг
"Хочу поездку, чтобы отдохнуть и посмотреть на музей, может быть, ещё пляж.",музей;пляж;походы
"Просто хочу поездку с еда, а остальное — как получится.",еда;ночная жизнь
"Ищу необычный маршрут: хочется и музыка, и немного природа.",музыка;природа
"Маршрут, включающий искусство, культура, природа — реально?",искусство;культура;природа
Где в Европе можно насладиться походы и посетить ?,походы
"Ищу необычный маршрут: хочется и музей, и немного фотография.",музей;фотография;шопинг
"Ищу необычный маршрут: хочется и спорт, и немного фотография.",спорт;фотография
"Подскажите город с парк, природа, и чтобы вкусно поесть.",парк;природа;шопинг
Планирую отпуск с уклоном в музей и обязательно с релакс.,музей;релакс
Где в Европе можно насладиться еда и посетить ?,еда
"Подскажите город с активность, религия, и чтобы вкусно поесть.",активность;религия
Где можно насладиться искусство и заодно заняться ?,искусство
"Куда поехать летом, чтобы были история, музыка и даже немного ?",история;музыка
"Тур по Европе, главное — животные, но и парк не помешает.",животные;парк;пляж
"Меня интересуют архитектура, походы и что-то связанное с .",архитектура;походы
"Куда поехать летом, чтобы были винный туризм, искусство и даже немного религия?",винный туризм;искусство;религия
Где можно насладиться дегустации и заодно заняться музей?,дегустации;музей
"Интересуют активность, культура, ну и конечно .",активность;культура
Где можно насладиться искусство и заодно заняться спорт?,искусство;спорт
"Мне нужно всё сразу: и еда, и , и .",еда
"Меня интересуют дегустации, музей и что-то связанное с шопинг.",дегустации;музей;шопинг
Что порекомендуете для любителя природа и религия?,природа;религия
"Хочу поездку, чтобы отдохнуть и посмотреть на дегустации, может быть, ещё ночная жизнь.",дегустации;ночная жизнь
"Планирую тур с походы, вкусной спорт и атмосферой .",походы;спорт
"Маршрут, включающий походы, ,  — реально?",походы
Где можно насладиться дегустации и заодно заняться походы?,дегустации;походы
"Ищу необычный маршрут: хочется и дегустации, и немного еда.",дегустации;еда;религия
"Просто хочу поездку с винный туризм, а остальное — как получится.",винный туризм;дегустации;религия
"Мне нужно всё сразу: и музыка, и , и .",музыка
"Куда поехать летом, чтобы были животные, ночная жизнь и даже немного шопинг?",животные;ночная жизнь;шопинг
"Интересуют музыка, парк, ну и конечно .",музыка;парк
"Хочу отдых, где можно совместить история, культура и хорошее настроение.",история;культура;музыка
"Интересуют архитектура, фотография, ну и конечно шопинг.",архитектура;фотография;шопинг
"Посоветуйте место, где есть спорт, а вечером — .",спорт
"Подскажите город с походы, , и чтобы вкусно поесть.",походы
Ищу место для фото с архитектура и прогулками в .,архитектура
"Просто хочу поездку с дегустации, а остальное — как получится.",дегустации;пляж
Ищу место для фото с культура и прогулками в музей.,культура;музей
Где можно насладиться активность и заодно заняться религия?,активность;религия;шопинг
"Подскажите город с еда, музыка, и чтобы вкусно поесть.",еда;музыка;фотография
"Интересуют еда, религия, ну и конечно .",еда;религия
Где в Европе можно насладиться дегустации и посетить еда?,дегустации;еда
"Меня интересуют активность, музей и что-то связанное с .",активность;музей
"Подскажите город с музей, релакс, и чтобы вкусно поесть.",музей;релакс;религия
"Подскажите город с пляж, , и чтобы вкусно поесть.",пляж
"Интересует маршрут с спорт и , но без спешки.",спорт
"Подскажите город с музей, , и чтобы вкусно поесть.",музей
"Меня интересуют культура, ночная жизнь и что-то связанное с .",культура;ночная жизнь
"Ищу необычный маршрут: хочется и искусство, и немного пляж.",искусство;пляж;фотография
"Интересуют пляж, , ну и конечно .",пляж
"Хочу отдых, где можно совместить архитектура, культура и хорошее настроение.",архитектура;культура
"Хочу поездку, чтобы отдохнуть и посмотреть на искусство, может быть, ещё история.",искусство;история;спорт
"Хочу в путешествии увидеть еда, попробовать спорт, а может и .",еда;спорт
"Хочу в путешествии увидеть музей, попробовать походы, а может и .",музей;походы
"Меня интересуют музыка, фотография и что-то связанное с .",музыка;фотография
Ищу место для фото с музей и прогулками в религия.,музей;религия;фотография
Что порекомендуете для любителя ночная жизнь и ?,ночная жизнь
"Мне нужно всё сразу: и парк, и религия, и фотография.",парк;религия;фотография
"Мне нужно всё сразу: и животные, и шопинг, и .",животные;шопинг
"Планирую тур с культура, вкусной спорт и атмосферой фотография.",культура;спорт;фотография
"Куда поехать летом, чтобы были животные, культура и даже немного ?",животные;культура
"Посоветуйте место, где есть релакс, а вечером — .",релакс
"Куда поехать летом, чтобы были музей, шопинг и даже немного ?",музей;шопинг
"Посоветуйте место, где есть винный туризм, а вечером — ночная жизнь.",винный туризм;ночная жизнь
Ищу место для фото с активность и прогулками в еда.,активность;еда;спорт
"Ищу необычный маршрут: хочется и культура, и немного музыка.",культура;музыка;ночная жизнь
"Хочу поездку, чтобы отдохнуть и посмотреть на активность, может быть, ещё еда.",активность;еда;музыка
"Ищу необычный маршрут: хочется и история, и немного ночная жизнь.",история;ночная жизнь;релакс
Ищу место для фото с релакс и прогулками в .,релакс
"Хочу в путешествии увидеть дегустации, попробовать искусство, а может и история.",дегустации;искусство;история
Ищу место для фото с дегустации и прогулками в культура.,дегустации;культура;шопинг
"Интересует маршрут с еда и походы, но без спешки.",еда;походы
"Планирую тур с активность, вкусной животные и атмосферой релакс.",активность;животные;релакс
"Хочу в путешествии увидеть ночная жизнь, попробовать , а может и .",ночная жизнь
Где в Европе можно насладиться архитектура и посетить винный туризм?,архитектура;винный туризм
"Посоветуйте место, где есть пляж, а вечером — религия.",пляж;религия
"Хочу в путешествии увидеть искусство, попробовать культура, а может и .",искусство;культура
"Планирую тур с искусство, вкусной ночная жизнь и атмосферой .",искусство;ночная жизнь
"Тур по Европе, главное — винный туризм, но и релакс не помешает.",винный туризм;релакс
"Планирую тур с история, вкусной ночная жизнь и атмосферой парк.",история;ночная жизнь;парк
Где в Европе можно насладиться еда и посетить искусство?,еда;искусство
"Подскажите город с еда, музыка, и чтобы вкусно поесть.",еда;музыка;шопинг
Планирую отпуск с уклоном в дегустации и обязательно с парк.,дегустации;парк;природа
"Хочу в путешествии увидеть релакс, попробовать , а может и .",релакс
Ищу место для фото с культура и прогулками в пляж.,культура;пляж
"Интересуют животные, культура, ну и конечно .",животные;культура
"Куда поехать летом, чтобы были ночная жизнь, религия и даже немного ?",ночная жизнь;религия
"Посоветуйте место, где есть парк, а вечером — .",парк
"Планирую тур с ночная жизнь, вкусной походы и атмосферой .",ночная жизнь;походы
"Маршрут, включающий ночная жизнь, парк, спорт — реально?",ночная жизнь;парк;спорт
Где в Европе можно насладиться искусство и посетить ?,искусство
"Подскажите город с дегустации, искусство, и чтобы вкусно поесть.",дегустации;искусство
Ищу место для фото с музыка и прогулками в релакс.,музыка;релакс;фотография
Что порекомендуете для любителя культура и музей?,культура;музей;спорт
"Мне нужно всё сразу: и музыка, и природа, и .",музыка;природа
Планирую отпуск с уклоном в музей и обязательно с природа.,музей;природа
Ищу место для фото с музыка и прогулками в .,музыка
"Хочу в путешествии увидеть дегустации, попробовать музей, а может и .",дегустации;музей
Ищу место для фото с природа и прогулками в фотография.,природа;фотография
"Тур по Европе, главное — дегустации, но и музей не помешает.",дегустации;музей;парк
"Ищу необычный маршрут: хочется и музей, и немного .",музей
"Маршрут, включающий история, парк,  — реально?",история;парк
"Мне нужно всё сразу: и фотография, и , и .",фотография
"Маршрут, включающий парк, походы, спорт — реально?",парк;походы;спорт
Что порекомендуете для любителя активность и пляж?,активность;пляж;природа
"Подскажите город с дегустации, история, и чтобы вкусно поесть.",дегустации;история;походы
Где можно насладиться еда и заодно заняться музей?,еда;музей
Ищу место для фото с еда и прогулками в искусство.,еда;искусство;музыка
"Тур по Европе, главное — релакс, но и спорт не помешает.",релакс;спорт
Планирую отпуск с уклоном в походы и обязательно с релакс.,походы;релакс
"Просто хочу поездку с винный туризм, а остальное — как получится.",винный туризм;пляж;походы
"Подскажите город с парк, походы, и чтобы вкусно поесть.",парк;походы
Планирую отпуск с уклоном в животные и обязательно с ночная жизнь.,животные;ночная жизнь;релакс
"Мне нужно всё сразу: и культура, и пляж, и природа.",культура;пляж;природа
"Тур по Европе, главное — природа, но и спорт не помешает.",природа;спорт;фотография
"Мне нужно всё сразу: и дегустации, и , и .",дегустации
Ищу место для фото с история и прогулками в музыка.,история;музыка
Ищу место для фото с музыка и прогулками в шопинг.,музыка;шопинг
Что порекомендуете для любителя спорт и ?,спорт
"Мне нужно всё сразу: и парк, и , и .",парк
"Просто хочу поездку с архитектура, а остальное — как получится.",архитектура;животные;релакс
"Просто хочу поездку с пляж, а остальное — как получится.",пляж;религия;шопинг
"Ищу необычный маршрут: хочется и музыка, и немного .",музыка
Где можно насладиться парк и заодно заняться ?,парк
"Меня интересуют животные, религия и что-то связанное с .",животные;религия
"Посоветуйте место, где есть искусство, а вечером — музей.",искусство;музей;природа
"Куда поехать летом, чтобы были активность, история и даже немного ?",активность;история
"Интересуют архитектура, природа, ну и конечно релакс.",архитектура;природа;релакс
Что порекомендуете для любителя фотография и ?,фотография
Где в Европе можно насладиться винный туризм и посетить животные?,винный туризм;животные
"Подскажите город с походы, релакс, и чтобы вкусно поесть.",походы;релакс
Где можно насладиться музей и заодно заняться религия?,музей;религия
"Хочу отдых, где можно совместить музыка, религия и хорошее настроение.",музыка;религия
Ищу место для фото с активность и прогулками в архитектура.,активность;архитектура;культура
"Интересуют архитектура, культура, ну и конечно .",архитектура;культура
"Куда поехать летом, чтобы были искусство, природа и даже немного религия?",искусство;природа;религия
"Просто хочу поездку с активность, а остальное — как получится.",активность;история
"Интересуют активность, архитектура, ну и конечно пляж.",активность;архитектура;пляж
"Хочу поездку, чтобы отдохнуть и посмотреть на дегустации, может быть, ещё природа.",дегустации;природа
"Куда поехать летом, чтобы были культура, музыка и даже немного ?",культура;музыка
"Просто хочу поездку с походы, а остальное — как получится.",походы;шопинг
Планирую отпуск с уклоном в спорт и обязательно с .,спорт
Что порекомендуете для любителя винный туризм и природа?,винный туризм;природа;религия
"Куда поехать летом, чтобы были культура, шопинг и даже немного ?",культура;шопинг
"Куда поехать летом, чтобы были пляж, походы и даже немного шопинг?",пляж;походы;шопинг
"Подскажите город с активность, , и чтобы вкусно поесть.",активность
"Подскажите город с искусство, история, и чтобы вкусно поесть.",искусство;история
"Хочу отдых, где можно совместить пляж, природа и хорошее настроение.",пляж;природа
"Интересуют культура, , ну и конечно .",культура
"Ищу необычный маршрут: хочется и активность, и немного музей.",активность;музей
Где можно насладиться музыка и заодно заняться походы?,музыка;походы
Что порекомендуете для любителя архитектура и религия?,архитектура;религия
"Куда поехать летом, чтобы были искусство, пляж и даже немного шопинг?",искусство;пляж;шопинг
"Мне нужно всё сразу: и музей, и спорт, и .",музей;спорт
Что порекомендуете для любителя парк и спорт?,парк;спорт;фотография
"Меня интересуют дегустации, спорт и что-то связанное с .",дегустации;спорт
"Планирую тур с животные, вкусной  и атмосферой .",животные
"Посоветуйте место, где есть природа, а вечером — релакс.",природа;релакс
Что порекомендуете для любителя ночная жизнь и спорт?,ночная жизнь;спорт;фотография
Планирую отпуск с уклоном в походы и обязательно с религия.,походы;религия
"Интересуют культура, музыка, ну и конечно спорт.",культура;музыка;спорт
"Планирую тур с дегустации, вкусной  и атмосферой .",дегустации
Где в Европе можно насладиться релакс и посетить ?,релакс
"Хочу поездку, чтобы отдохнуть и посмотреть на животные, может быть, ещё религия.",животные;религия
"Хочу поездку, чтобы отдохнуть и посмотреть на искусство, может быть, ещё культура.",искусство;культура
"Подскажите город с история, парк, и чтобы вкусно поесть.",история;парк
"Меня интересуют винный туризм, ночная жизнь и что-то связанное с .",винный туризм;ночная жизнь
"Маршрут, включающий еда, культура,  — реально?",еда;культура
"Маршрут, включающий музыка, пляж, релакс — реально?",музыка;пляж;релакс
Где в Европе можно насладиться еда и посетить искусство?,еда;искусство;шопинг
Что порекомендуете для любителя парк и пляж?,парк;пляж
"Куда поехать летом, чтобы были активность, история и даже немного культура?",активность;история;культура
"Хочу поездку, чтобы отдохнуть и посмотреть на музей, может быть, ещё природа.",музей;природа
"Куда поехать летом, чтобы были винный туризм, искусство и даже немного ?",винный туризм;искусство
"Хочу поездку, чтобы отдохнуть и посмотреть на еда, может быть, ещё фотография.",еда;фотография
"Хочу поездку, чтобы отдохнуть и посмотреть на животные, может быть, ещё музей.",животные;музей;религия
"Планирую тур с животные, вкусной музей и атмосферой спорт.",животные;музей;спорт
"Интересуют активность, пляж, ну и конечно релакс.",активность;пляж;релакс
"Интересует маршрут с дегустации и музей, но без спешки.",дегустации;музей;парк
Что порекомендуете для любителя культура и шопинг?,культура;шопинг
"Хочу отдых, где можно совместить животные, история и хорошее настроение.",животные;история
Планирую отпуск с уклоном в фотография и обязательно с .,фотография
"Тур по Европе, главное — дегустации, но и шопинг не помешает.",дегустации;шопинг
Что порекомендуете для любителя история и спорт?,история;спорт
"Мне нужно всё сразу: и активность, и фотография, и .",активность;фотография
"Хочу в путешествии увидеть история, попробовать пляж, а может и .",история;пляж
Где в Европе можно насладиться музей и посетить фотография?,музей;фотография
"Хочу в путешествии увидеть история, попробовать ночная жизнь, а может и спорт.",история;ночная жизнь;спорт
"Маршрут, включающий активность, дегустации,  — реально?",активность;дегустации
"Ищу необычный маршрут: хочется и архитектура, и немного .",архитектура
"Тур по Европе, главное — релакс, но и фотография не помешает.",релакс;фотография
"Куда поехать летом, чтобы были музей, релакс и даже немного спорт?",музей;релакс;спорт
"Тур по Европе, главное — архитектура, но и фотография не помешает.",архитектура;фотография
"Просто хочу поездку с парк, а остальное — как получится.",парк;фотография
"Посоветуйте место, где есть дегустации, а вечером — фотография.",дегустации;фотография
"Интересуют музей, религия, ну и конечно .",музей;религия
"Хочу отдых, где можно совместить история, музей и хорошее настроение.",история;музей
Что порекомендуете для любителя релакс и шопинг?,релакс;шопинг
Что порекомендуете для любителя история и ?,история
"Хочу отдых, где можно совместить винный туризм,  и хорошее настроение.",винный туризм
"Хочу в путешествии увидеть культура, попробовать , а может и .",культура
"Хочу поездку, чтобы отдохнуть и посмотреть на история, может быть, ещё фотография.",история;фотография
Что порекомендуете для любителя архитектура и парк?,архитектура;парк
"Хочу в путешествии увидеть винный туризм, попробовать шопинг, а может и .",винный туризм;шопинг
"Хочу поездку, чтобы отдохнуть и посмотреть на искусство, может быть, ещё .",искусство
"Просто хочу поездку с музей, а остальное — как получится.",музей;музыка;шопинг
"Интересует маршрут с еда и спорт, но без спешки.",еда;спорт
"Маршрут, включающий архитектура, дегустации, еда — реально?",архитектура;дегустации;еда
"Хочу поездку, чтобы отдохнуть и посмотреть на история, может быть, ещё шопинг.",история;шопинг
"Мне нужно всё сразу: и музыка, и парк, и религия.",музыка;парк;религия
"Интересуют животные, спорт, ну и конечно .",животные;спорт
Ищу место для фото с фотография и прогулками в шопинг.,фотография;шопинг
"Интересуют природа, , ну и конечно .",природа
Где в Европе можно насладиться архитектура и посетить дегустации?,архитектура;дегустации
Где можно насладиться походы и заодно заняться ?,походы
"Посоветуйте место, где есть музей, а вечером — .",музей
Где можно насладиться дегустации и заодно заняться еда?,дегустации;еда;релакс
Ищу место для фото с спорт и прогулками в .,спорт
"Куда поехать летом, чтобы были религия,  и даже немного ?",религия
"Хочу поездку, чтобы отдохнуть и посмотреть на парк, может быть, ещё спорт.",парк;спорт
"Мне нужно всё сразу: и походы, и , и .",походы
Где можно насладиться музей и заодно заняться походы?,музей;походы
"Интересует маршрут с музей и религия, но без спешки.",музей;религия;шопинг
"Просто хочу поездку с история, а остальное — как получится.",история;парк
"Интересуют архитектура, шопинг, ну и конечно .",архитектура;шопинг
"Хочу в путешествии увидеть культура, попробовать парк, а может и .",культура;парк
Где в Европе можно насладиться музей и посетить музыка?,музей;музыка;природа
Где можно насладиться фотография и заодно заняться ?,фотография
"Интересует маршрут с ночная жизнь и , но без спешки.",ночная жизнь
"Посоветуйте место, где есть ночная жизнь, а вечером — .",ночная жизнь
"Просто хочу поездку с природа, а остальное — как получится.",природа;религия
"Тур по Европе, главное — еда, но и история не помешает.",еда;история;фотография
"Хочу в путешествии увидеть еда, попробовать искусство, а может и .",еда;искусство
"Хочу отдых, где можно совместить искусство, спорт и хорошее настроение.",искусство;спорт
"Хочу отдых, где можно совместить активность, винный туризм и хорошее настроение.",активность;винный туризм;парк
"Хочу поездку, чтобы отдохнуть и посмотреть на еда, может быть, ещё природа.",еда;природа
Что порекомендуете для любителя активность и еда?,активность;еда
"Тур по Европе, главное — архитектура, но и  не помешает.",архитектура
"Маршрут, включающий музыка, ,  — реально?",музыка
"Хочу поездку, чтобы отдохнуть и посмотреть на культура, может быть, ещё .",культура
"Меня интересуют активность, животные и что-то связанное с .",активность;животные
"Маршрут, включающий животные, искусство, природа — реально?",животные;искусство;природа
Планирую отпуск с уклоном в ночная жизнь и обязательно с шопинг.,ночная жизнь;шопинг
"Интересуют музыка, природа, ну и конечно .",музыка;природа
"Хочу поездку, чтобы отдохнуть и посмотреть на культура, может быть, ещё парк.",культура;парк;спорт
Что порекомендуете для любителя история и релакс?,история;релакс
"Меня интересуют искусство, природа и что-то связанное с фотография.",искусство;природа;фотография
"Интересует маршрут с дегустации и , но без спешки.",дегустации
Где можно насладиться дегустации и заодно заняться искусство?,дегустации;искусство
"Ищу необычный маршрут: хочется и архитектура, и немного культура.",архитектура;культура
"Хочу поездку, чтобы отдохнуть и посмотреть на активность, может быть, ещё винный туризм.",активность;винный туризм;шопинг
"Интересует маршрут с дегустации и шопинг, но без спешки.",дегустации;шопинг
Где можно насладиться релакс и заодно заняться ?,релакс
"Хочу отдых, где можно совместить ночная жизнь,  и хорошее настроение.",ночная жизнь
"Маршрут, включающий активность, винный туризм,  — реально?",активность;винный туризм
Ищу место для фото с дегустации и прогулками в животные.,дегустации;животные;музыка
"Интересуют винный туризм, искусство, ну и конечно .",винный туризм;искусство
Планирую отпуск с уклоном в животные и обязательно с фотография.,животные;фотография
"Хочу в путешествии увидеть дегустации, попробовать животные, а может и искусство.",дегустации;животные;искусство
"Маршрут, включающий животные, природа,  — реально?",животные;природа
"Тур по Европе, главное — искусство, но и спорт не помешает.",искусство;спорт
"Интересуют дегустации, животные, ну и конечно религия.",дегустации;животные;религия
"Маршрут, включающий винный туризм, еда, музыка — реально?",винный туризм;еда;музыка
"Подскажите город с винный туризм, музыка, и чтобы вкусно поесть.",винный туризм;музыка
"Хочу поездку, чтобы отдохнуть и посмотреть на архитектура, может быть, ещё природа.",архитектура;природа;спорт
Ищу место для фото с дегустации и прогулками в еда.,дегустации;еда;фотография
"Подскажите город с винный туризм, культура, и чтобы вкусно поесть.",винный туризм;культура;ночная жизнь
"Маршрут, включающий фотография, ,  — реально?",фотография
"Интересует маршрут с искусство и ночная жизнь, но без спешки.",искусство;ночная жизнь
"Интересует маршрут с парк и религия, но без спешки.",парк;религия
"Мне нужно всё сразу: и винный туризм, и культура, и музей.",винный туризм;культура;музей
"Посоветуйте место, где есть архитектура, а вечером — дегустации.",архитектура;дегустации;история
Где можно насладиться религия и заодно заняться спорт?,религия;спорт;фотография
"Хочу в путешествии увидеть искусство, попробовать спорт, а может и .",искусство;спорт
Где можно насладиться активность и заодно заняться история?,активность;история
Где можно насладиться музей и заодно заняться религия?,музей;религия;шопинг
Планирую отпуск с уклоном в дегустации и обязательно с религия.,дегустации;религия;фотография
"Просто хочу поездку с искусство, а остальное — как получится.",искусство
"Ищу необычный маршрут: хочется и музыка, и немного пляж.",музыка;пляж;походы
Что порекомендуете для любителя история и музыка?,история;музыка
"Интересуют искусство, музыка, ну и конечно походы.",искусство;музыка;походы
"Интересует маршрут с искусство и история, но без спешки.",искусство;история
Где можно насладиться история и заодно заняться религия?,история;религия
"Планирую тур с искусство, вкусной музыка и атмосферой шопинг.",искусство;музыка;шопинг
"Тур по Европе, главное — дегустации, но и музыка не помешает.",дегустации;музыка
"Планирую тур с ночная жизнь, вкусной природа и атмосферой религия.",ночная жизнь;природа;религия
"Хочу в путешествии увидеть пляж, попробовать , а может и .",пляж
Ищу место для фото с музей и прогулками в .,музей
Где можно насладиться активность и заодно заняться дегустации?,активность;дегустации
"Хочу отдых, где можно совместить животные, парк и хорошее настроение.",животные;парк
"Хочу отдых, где можно совместить культура, фотография и хорошее настроение.",культура;фотография
Где в Европе можно насладиться природа и посетить релакс?,природа;релакс;спорт
"Меня интересуют еда, культура и что-то связанное с ночная жизнь.",еда;культура;ночная жизнь
Планирую отпуск с уклоном в культура и обязательно с спорт.,культура;спорт
"Мне нужно всё сразу: и история, и музыка, и .",история;музыка
"Посоветуйте место, где есть релакс, а вечером — шопинг.",релакс;шопинг
Где можно насладиться ночная жизнь и заодно заняться природа?,ночная жизнь;природа;фотография
"Маршрут, включающий релакс, ,  — реально?",релакс
Где можно насладиться история и заодно заняться ночная жизнь?,история;ночная жизнь
Планирую отпуск с уклоном в искусство и обязательно с пляж.,искусство;пляж;спорт
"Интересуют культура, фотография, ну и конечно .",культура;фотография
"Хочу поездку, чтобы отдохнуть и посмотреть на парк, может быть, ещё .",парк
"Посоветуйте место, где есть природа, а вечером — .",природа
"Ищу необычный маршрут: хочется и дегустации, и немного религия.",дегустации;религия
Где в Европе можно насладиться ночная жизнь и посетить релакс?,ночная жизнь;релакс
"Посоветуйте место, где есть музей, а вечером — фотография.",музей;фотография
"Хочу отдых, где можно совместить активность, культура и хорошее настроение.",активность;культура
"Хочу поездку, чтобы отдохнуть и посмотреть на архитектура, может быть, ещё релакс.",архитектура;релакс
"Хочу поездку, чтобы отдохнуть и посмотреть на походы, может быть, ещё .",походы
"Куда поехать летом, чтобы были дегустации, история и даже немного ?",дегустации;история
"Куда поехать летом, чтобы были активность, животные и даже немного музей?",активность;животные;музей
Где можно насладиться активность и заодно заняться ?,активность
"Планирую тур с активность, вкусной ночная жизнь и атмосферой спорт.",активность;ночная жизнь;спорт
"Ищу необычный маршрут: хочется и активность, и немного походы.",активность;походы
"Подскажите город с религия, спорт, и чтобы вкусно поесть.",религия;спорт
"Планирую тур с музей, вкусной релакс и атмосферой шопинг.",музей;релакс;шопинг
"Интересуют архитектура, парк, ну и конечно шопинг.",архитектура;парк;шопинг
"Подскажите город с активность, дегустации, и чтобы вкусно поесть.",активность;дегустации;культура
"Посоветуйте место, где есть активность, а вечером — архитектура.",активность;архитектура;музей
"Хочу поездку, чтобы отдохнуть и посмотреть на активность, может быть, ещё искусство.",активность;искусство;пляж
Где можно насладиться винный туризм и заодно заняться религия?,винный туризм;религия
"Просто хочу поездку с животные, а остальное — как получится.",животные;культура
"Хочу отдых, где можно совместить ночная жизнь, шопинг и хорошее настроение.",ночная жизнь;шопинг
"Просто хочу поездку с еда, а остальное — как получится.",еда;музыка;походы
"Посоветуйте место, где есть винный туризм, а вечером — еда.",винный туризм;еда
"Планирую тур с шопинг, вкусной  и атмосферой .",шопинг
"Маршрут, включающий история, музыка,  — реально?",история;музыка
Где в Европе можно насладиться фотография и посетить ?,фотография
Где в Европе можно насладиться животные и посетить парк?,животные;парк;религия
Что порекомендуете для любителя музыка и парк?,музыка;парк;шопинг
"Куда поехать летом, чтобы были еда, религия и даже немного шопинг?",еда;религия;шопинг
"Планирую тур с музыка, вкусной ночная жизнь и атмосферой религия.",музыка;ночная жизнь;религия
"Интересуют музыка, религия, ну и конечно .",музыка;религия
"Подскажите город с пляж, фотография, и чтобы вкусно поесть.",пляж;фотография
"Хочу поездку, чтобы отдохнуть и посмотреть на история, может быть, ещё ночная жизнь.",история;ночная жизнь
Планирую отпуск с уклоном в походы и обязательно с .,походы
"Меня интересуют культура, музыка и что-то связанное с релакс.",культура;музыка;релакс
"Подскажите город с парк, фотография, и чтобы вкусно поесть.",парк;фотография
"Тур по Европе, главное — животные, но и релакс не помешает.",животные;релакс
"Мне нужно всё сразу: и дегустации, и ночная жизнь, и .",дегустации;ночная жизнь
"Меня интересуют животные, пляж и что-то связанное с .",животные;пляж
"Посоветуйте место, где есть дегустации, а вечером — музей.",дегустации;музей
"Мне нужно всё сразу: и культура, и религия, и .",культура;религия
"Тур по Европе, главное — искусство, но и пляж не помешает.",искусство;пляж;фотография
"Меня интересуют еда, музей и что-то связанное с .",еда;музей
Где в Европе можно насладиться культура и посетить ?,культура
"Хочу в путешествии увидеть парк, попробовать , а может и .",парк
"Интересует маршрут с винный туризм и животные, но без спешки.",винный туризм;животные;искусство
"Интересуют фотография, , ну и конечно .",фотография
"Ищу необычный маршрут: хочется и еда, и немного религия.",еда;религия
"Планирую тур с животные, вкусной искусство и атмосферой ночная жизнь.",животные;искусство;ночная жизнь
"Подскажите город с история, походы, и чтобы вкусно поесть.",история;походы
"Ищу необычный маршрут: хочется и дегустации, и немного ночная жизнь.",дегустации;ночная жизнь
"Интересуют искусство, , ну и конечно .",искусство
"Интересуют активность, спорт, ну и конечно .",активность;спорт
"Меня интересуют музыка,  и что-то связанное с .",музыка
Где можно насладиться еда и заодно заняться религия?,еда;религия
"Посоветуйте место, где есть винный туризм, а вечером — история.",винный туризм;история;походы
"Посоветуйте место, где есть релакс, а вечером — спорт.",релакс;спорт
"Посоветуйте место, где есть архитектура, а вечером — искусство.",архитектура;искусство;фотография
"Планирую тур с еда, вкусной пляж и атмосферой религия.",еда;пляж;религия
"Хочу поездку, чтобы отдохнуть и посмотреть на винный туризм, может быть, ещё дегустации.",винный туризм;дегустации
"Меня интересуют архитектура,  и что-то связанное с .",архитектура
"Тур по Европе, главное — еда, но и религия не помешает.",еда;религия
"Подскажите город с релакс, , и чтобы вкусно поесть.",релакс
Где в Европе можно насладиться животные и посетить музей?,животные;музей
"Интересует маршрут с искусство и , но без спешки.",искусство
"Просто хочу поездку с активность, а остальное — как получится.",активность;релакс
"Хочу в путешествии увидеть музыка, попробовать ночная жизнь, а может и .",музыка;ночная жизнь
"Тур по Европе, главное — активность, но и винный туризм не помешает.",активность;винный туризм
"Меня интересуют винный туризм, шопинг и что-то связанное с .",винный туризм;шопинг
"Тур по Европе, главное — ночная жизнь, но и релакс не помешает.",ночная жизнь;релакс
"Интересует маршрут с релакс и , но без спешки.",релакс
"Посоветуйте место, где есть история, а вечером — природа.",история;природа
"Ищу необычный маршрут: хочется и история, и немного пляж.",история;пляж
"Тур по Европе, главное — ночная жизнь, но и пляж не помешает.",ночная жизнь;пляж
Планирую отпуск с уклоном в шопинг и обязательно с .,шопинг
Ищу место для фото с архитектура и прогулками в культура.,архитектура;культура;шопинг
"Хочу поездку, чтобы отдохнуть и посмотреть на архитектура, может быть, ещё еда.",архитектура;еда;история
"Интересуют активность, фотография, ну и конечно .",активность;фотография
Ищу место для фото с история и прогулками в природа.,история;природа
"Меня интересуют дегустации, пляж и что-то связанное с .",дегустации;пляж
"Интересует маршрут с культура и ночная жизнь, но без спешки.",культура;ночная жизнь;фотография
"Куда поехать летом, чтобы были история, релакс и даже немного ?",история;релакс
Где в Европе можно насладиться музей и посетить ?,музей
"Хочу отдых, где можно совместить архитектура, религия и хорошее настроение.",архитектура;религия
"Хочу в путешествии увидеть еда, попробовать , а может и .",еда
"Интересует маршрут с еда и культура, но без спешки.",еда;культура
"Посоветуйте место, где есть история, а вечером — походы.",история;походы
"Подскажите город с музей, спорт, и чтобы вкусно поесть.",музей;спорт
"Меня интересуют активность, музей и что-то связанное с спорт.",активность;музей;спорт
"Меня интересуют музей,  и что-то связанное с .",музей
"Меня интересуют дегустации, фотография и что-то связанное с .",дегустации;фотография
"Маршрут, включающий культура, ночная жизнь, религия — реально?",культура;ночная жизнь;религия
"Маршрут, включающий еда, музей,  — реально?",еда;музей
"Посоветуйте место, где есть еда, а вечером — походы.",еда;походы
"Подскажите город с архитектура, дегустации, и чтобы вкусно поесть.",архитектура;дегустации;религия
"Интересует маршрут с музей и релакс, но без спешки.",музей;релакс;религия
"Хочу поездку, чтобы отдохнуть и посмотреть на архитектура, может быть, ещё искусство.",архитектура;искусство
Где в Европе можно насладиться дегустации и посетить культура?,дегустации;культура;спорт
"Маршрут, включающий архитектура, природа,  — реально?",архитектура;природа
"Интересует маршрут с ночная жизнь и шопинг, но без спешки.",ночная жизнь;шопинг
"Маршрут, включающий история, музей,  — реально?",история;музей
"Интересуют винный туризм, спорт, ну и конечно .",винный туризм;спорт
Где в Европе можно насладиться дегустации и посетить ?,дегустации
"Планирую тур с музей, вкусной природа и атмосферой .",музей;природа
"Хочу в путешествии увидеть походы, попробовать природа, а может и .",походы;природа
"Хочу в путешествии увидеть винный туризм, попробовать искусство, а может и музыка.",винный туризм;искусство;музыка
"Планирую тур с активность, вкусной походы и атмосферой .",активность;походы
"Маршрут, включающий пляж, природа, религия — реально?",пляж;природа;религия
"Ищу необычный маршрут: хочется и винный туризм, и немного шопинг.",винный туризм;шопинг
"Маршрут, включающий активность, культура,  — реально?",активность;культура
Где можно насладиться архитектура и заодно заняться ?,архитектура
"Маршрут, включающий винный туризм, музей, парк — реально?",винный туризм;музей;парк
"Просто хочу поездку с активность, а остальное — как получится.",активность;искусство;фотография
Что порекомендуете для любителя архитектура и религия?,архитектура;религия;фотография
"Хочу отдых, где можно совместить искусство, культура и хорошее настроение.",искусство;культура;ночная жизнь
"Маршрут, включающий шопинг, ,  — реально?",шопинг
"Интересует маршрут с музыка и релакс, но без спешки.",музыка;релакс
Что порекомендуете для любителя дегустации и искусство?,дегустации;искусство;парк
Планирую отпуск с уклоном в искусство и обязательно с религия.,искусство;религия
"Тур по Европе, главное — дегустации, но и искусство не помешает.",дегустации;искусство;музей
"Куда поехать летом, чтобы были архитектура, дегустации и даже немного ?",архитектура;дегустации
"Меня интересуют животные, походы и что-то связанное с .",животные;походы
"Хочу поездку, чтобы отдохнуть и посмотреть на музыка, может быть, ещё походы.",музыка;походы;шопинг
"Хочу отдых, где можно совместить активность, еда и хорошее настроение.",активность;еда
Где можно насладиться музей и заодно заняться музыка?,музей;музыка;походы
"Планирую тур с пляж, вкусной спорт и атмосферой .",пляж;спорт
"Тур по Европе, главное — искусство, но и религия не помешает.",искусство;религия
"Хочу отдых, где можно совместить животные, походы и хорошее настроение.",животные;походы;релакс
"Просто хочу поездку с винный туризм, а остальное — как получится.",винный туризм;еда;пляж
Где можно насладиться дегустации и заодно заняться ?,дегустации
Планирую отпуск с уклоном в искусство и обязательно с природа.,искусство;природа
"Мне нужно всё сразу: и еда, и пляж, и .",еда;пляж
Что порекомендуете для любителя животные и парк?,животные;парк
Планирую отпуск с уклоном в искусство и обязательно с .,искусство
"Хочу поездку, чтобы отдохнуть и посмотреть на парк, может быть, ещё пляж.",парк;пляж
"Маршрут, включающий животные, история, ночная жизнь — реально?",животные;история;ночная жизнь
"Хочу отдых, где можно совместить дегустации, парк и хорошее настроение.",дегустации;парк;пляж
"Хочу поездку, чтобы отдохнуть и посмотреть на активность, может быть, ещё дегустации.",активность;дегустации;спорт
"Ищу необычный маршрут: хочется и активность, и немного музей.",активность;музей;релакс
Где в Европе можно насладиться природа и посетить релакс?,природа;релакс
Планирую отпуск с уклоном в история и обязательно с походы.,история;походы;шопинг
"Просто хочу поездку с пляж, а остальное — как получится.",пляж;походы
"Просто хочу поездку с еда, а остальное — как получится.",еда;культура;пляж
"Хочу поездку, чтобы отдохнуть и посмотреть на искусство, может быть, ещё парк.",искусство;парк
"Тур по Европе, главное — дегустации, но и природа не помешает.",дегустации;природа
"Маршрут, включающий еда, музыка, ночная жизнь — реально?",еда;музыка;ночная жизнь
"Интересуют активность, винный туризм, ну и конечно животные.",активность;винный туризм;животные
"Тур по Европе, главное — пляж, но и шопинг не помешает.",пляж;шопинг
"Мне нужно всё сразу: и архитектура, и дегустации, и животные.",архитектура;дегустации;животные
"Маршрут, включающий активность, пляж,  — реально?",активность;пляж
Ищу место для фото с винный туризм и прогулками в культура.,винный туризм;культура;парк
"Ищу необычный маршрут: хочется и искусство, и немного история.",искусство;история
"Интересует маршрут с культура и , но без спешки.",культура
"Подскажите город с искусство, походы, и чтобы вкусно поесть.",искусство;походы;фотография
"Ищу необычный маршрут: хочется и винный туризм, и немного пляж.",винный туризм;пляж
"Интересует маршрут с животные и музыка, но без спешки.",животные;музыка;шопинг
"Хочу поездку, чтобы отдохнуть и посмотреть на архитектура, может быть, ещё искусство.",архитектура;искусство;релакс
"Хочу отдых, где можно совместить музыка, парк и хорошее настроение.",музыка;парк
"Подскажите город с история, , и чтобы вкусно поесть.",история
"Меня интересуют дегустации,  и что-то связанное с .",дегустации
"Куда поехать летом, чтобы были ночная жизнь, походы и даже немного ?",ночная жизнь;походы
"Планирую тур с еда, вкусной спорт и атмосферой .",еда;спорт
"Хочу в путешествии увидеть животные, попробовать природа, а может и .",животные;природа
"Интересуют шопинг, , ну и конечно .",шопинг
"Хочу поездку, чтобы отдохнуть и посмотреть на архитектура, может быть, ещё животные.",архитектура;животные
Ищу место для фото с архитектура и прогулками в музыка.,архитектура;музыка
"Маршрут, включающий история, походы,  — реально?",история;походы
"Просто хочу поездку с еда, а остальное — как получится.",еда;релакс
"Мне нужно всё сразу: и дегустации, и искусство, и .",дегустации;искусство
Что порекомендуете для любителя винный туризм и парк?,винный туризм;парк
Где можно насладиться активность и заодно заняться еда?,активность;еда
Что порекомендуете для любителя животные и фотография?,животные;фотография
"Куда поехать летом, чтобы были пляж, шопинг и даже немного ?",пляж;шопинг
Ищу место для фото с еда и прогулками в фотография.,еда;фотография
"Посоветуйте место, где есть активность, а вечером — парк.",активность;парк;пляж
"Мне нужно всё сразу: и парк, и религия, и .",парк;религия
"Просто хочу поездку с культура, а остальное — как получится.",культура
"Интересует маршрут с искусство и парк, но без спешки.",искусство;парк;походы
Где в Европе можно насладиться еда и посетить походы?,еда;походы
"Просто хочу поездку с винный туризм, а остальное — как получится.",винный туризм;релакс
"Хочу в путешествии увидеть животные, попробовать искусство, а может и .",животные;искусство
"Интересует маршрут с ночная жизнь и религия, но без спешки.",ночная жизнь;религия
"Меня интересуют активность, ночная жизнь и что-то связанное с походы.",активность;ночная жизнь;походы
"Ищу необычный маршрут: хочется и парк, и немного .",парк
Планирую отпуск с уклоном в активность и обязательно с спорт.,активность;спорт
"Маршрут, включающий парк, шопинг,  — реально?",парк;шопинг
Ищу место для фото с архитектура и прогулками в еда.,архитектура;еда;природа
Что порекомендуете для любителя активность и музыка?,активность;музыка
"Куда поехать летом, чтобы были культура, религия и даже немного ?",культура;религия
"Хочу отдых, где можно совместить еда, релакс и хорошее настроение.",еда;релакс;фотография
"Планирую тур с активность, вкусной религия и атмосферой .",активность;религия
"Ищу необычный маршрут: хочется и культура, и немного .",культура
"Тур по Европе, главное — винный туризм, но и природа не помешает.",винный туризм;природа
"Хочу поездку, чтобы отдохнуть и посмотреть на архитектура, может быть, ещё винный туризм.",архитектура;винный туризм;животные
"Интересуют дегустации, искусство, ну и конечно .",дегустации;искусство
"Просто хочу поездку с музыка, а остальное — как получится.",музыка
"Мне нужно всё сразу: и религия, и , и .",религия
Ищу место для фото с музей и прогулками в спорт.,музей;спорт
"Маршрут, включающий еда, искусство, религия — реально?",еда;искусство;религия
"Подскажите город с активность, релакс, и чтобы вкусно поесть.",активность;релакс
"Маршрут, включающий ночная жизнь, парк,  — реально?",ночная жизнь;парк
"Подскажите город с парк, пляж, и чтобы вкусно поесть.",парк;пляж
"Хочу поездку, чтобы отдохнуть и посмотреть на винный туризм, может быть, ещё музей.",винный туризм;музей;походы
"Интересуют винный туризм, парк, ну и конечно шопинг.",винный туризм;парк;шопинг
Планирую отпуск с уклоном в животные и обязательно с музей.,животные;музей
"Ищу необычный маршрут: хочется и культура, и немного походы.",культура;походы
"Куда поехать летом, чтобы были архитектура, еда и даже немного ?",архитектура;еда
"Куда поехать летом, чтобы были религия, спорт и даже немного ?",религия;спорт
"Мне нужно всё сразу: и дегустации, и музыка, и .",дегустации;музыка
"Планирую тур с животные, вкусной походы и атмосферой шопинг.",животные;походы;шопинг
"Тур по Европе, главное — архитектура, но и парк не помешает.",архитектура;парк;релакс
Ищу место для фото с дегустации и прогулками в еда.,дегустации;еда
"Хочу в путешествии увидеть дегустации, попробовать пляж, а может и .",дегустации;пляж
"Хочу отдых, где можно совместить ночная жизнь, религия и хорошее настроение.",ночная жизнь;религия
"Мне нужно всё сразу: и винный туризм, и музыка, и религия.",винный туризм;музыка;религия
"Мне нужно всё сразу: и спорт, и фотография, и .",спорт;фотография
"Ищу необычный маршрут: хочется и искусство, и немного шопинг.",искусство;шопинг
Планирую отпуск с уклоном в парк и обязательно с религия.,парк;религия;спорт
"Подскажите город с архитектура, ночная жизнь, и чтобы вкусно поесть.",архитектура;ночная жизнь;фотография
"Интересует маршрут с ночная жизнь и природа, но без спешки.",ночная жизнь;природа
"Интересует маршрут с активность и дегустации, но без спешки.",активность;дегустации;парк
"Посоветуйте место, где есть винный туризм, а вечером — животные.",винный туризм;животные;ночная жизнь
"Меня интересуют пляж,  и что-то связанное с .",пляж
"Просто хочу поездку с дегустации, а остальное — как получится.",дегустации;походы;спорт
"Тур по Европе, главное — активность, но и музыка не помешает.",активность;музыка
"Посоветуйте место, где есть дегустации, а вечером — еда.",дегустации;еда;животные
"Маршрут, включающий музей, ночная жизнь,  — реально?",музей;ночная жизнь
"Тур по Европе, главное — культура, но и музыка не помешает.",культура;музыка
"Куда поехать летом, чтобы были активность, ночная жизнь и даже немного парк?",активность;ночная жизнь;парк
Где можно насладиться ночная жизнь и заодно заняться спорт?,ночная жизнь;спорт
"Подскажите город с еда, культура, и чтобы вкусно поесть.",еда;культура
Ищу место для фото с фотография и прогулками в .,фотография
Что порекомендуете для любителя винный туризм и еда?,винный туризм;еда;шопинг
"Интересует маршрут с культура и музыка, но без спешки.",культура;музыка
"Хочу поездку, чтобы отдохнуть и посмотреть на искусство, может быть, ещё пляж.",искусство;пляж;релакс
"Интересуют искусство, ночная жизнь, ну и конечно .",искусство;ночная жизнь
"Хочу отдых, где можно совместить архитектура, еда и хорошее настроение.",архитектура;еда
"Куда поехать летом, чтобы были активность, архитектура и даже немного ?",активность;архитектура
"Мне нужно всё сразу: и ночная жизнь, и походы, и .",ночная жизнь;походы
"Хочу в путешествии увидеть походы, попробовать фотография, а может и .",походы;фотография
"Планирую тур с история, вкусной релакс и атмосферой .",история;релакс
Где можно насладиться винный туризм и заодно заняться музыка?,винный туризм;музыка;пляж
"Интересуют архитектура, еда, ну и конечно парк.",архитектура;еда;парк
"Ищу необычный маршрут: хочется и винный туризм, и немного еда.",винный туризм;еда
"Мне нужно всё сразу: и природа, и шопинг, и .",природа;шопинг
Где можно насладиться винный туризм и заодно заняться походы?,винный туризм;походы;спорт
"Интересует маршрут с музей и фотография, но без спешки.",музей;фотография
"Интересует маршрут с культура и релакс, но без спешки.",культура;релакс
"Куда поехать летом, чтобы были винный туризм, история и даже немного парк?",винный туризм;история;парк
"Маршрут, включающий походы, природа, спорт — реально?",походы;природа;спорт
"Хочу поездку, чтобы отдохнуть и посмотреть на ночная жизнь, может быть, ещё релакс.",ночная жизнь;релакс
"Хочу в путешествии увидеть винный туризм, попробовать ночная жизнь, а может и .",винный туризм;ночная жизнь
"Подскажите город с история, культура, и чтобы вкусно поесть.",история;культура
"Хочу отдых, где можно совместить религия, фотография и хорошее настроение.",религия;фотография
"Интересует маршрут с фотография и , но без спешки.",фотография
Планирую отпуск с уклоном в искусство и обязательно с музей.,искусство;музей;природа
"Тур по Европе, главное — шопинг, но и  не помешает.",шопинг
"Планирую тур с еда, вкусной религия и атмосферой .",еда;религия
"Мне нужно всё сразу: и музей, и шопинг, и .",музей;шопинг
"Хочу поездку, чтобы отдохнуть и посмотреть на дегустации, может быть, ещё .",дегустации
"Тур по Европе, главное — активность, но и дегустации не помешает.",активность;дегустации;музей
"Интересуют винный туризм, музей, ну и конечно музыка.",винный туризм;музей;музыка
"Интересуют пляж, религия, ну и конечно .",пляж;религия
"Интересуют культура, релакс, ну и конечно .",культура;релакс
"Планирую тур с животные, вкусной походы и атмосферой релакс.",животные;походы;релакс
"Хочу поездку, чтобы отдохнуть и посмотреть на винный туризм, может быть, ещё искусство.",винный туризм;искусство;культура
"Планирую тур с активность, вкусной еда и атмосферой искусство.",активность;еда;искусство
"Интересуют история, фотография, ну и конечно .",история;фотография
"Куда поехать летом, чтобы были активность, животные и даже немного ?",активность;животные
"Куда поехать летом, чтобы были парк, спорт и даже немного ?",парк;спорт
"Просто хочу поездку с животные, а остальное — как получится.",животные;шопинг
Планирую отпуск с уклоном в архитектура и обязательно с .,архитектура
"Хочу в путешествии увидеть животные, попробовать музей, а может и .",животные;музей
"Тур по Европе, главное — винный туризм, но и фотография не помешает.",винный туризм;фотография
"Меня интересуют культура, походы и что-то связанное с релакс.",культура;походы;релакс
Планирую отпуск с уклоном в дегустации и обязательно с пляж.,дегустации;пляж
"Хочу отдых, где можно совместить религия,  и хорошее настроение.",религия
"Просто хочу поездку с архитектура, а остальное — как получится.",архитектура;история
Что порекомендуете для любителя культура и музыка?,культура;музыка;шопинг
Где в Европе можно насладиться ночная жизнь и посетить походы?,ночная жизнь;походы
"Интересуют походы, , ну и конечно .",походы
"Интересует маршрут с религия и , но без спешки.",религия
Ищу место для фото с архитектура и прогулками в релакс.,архитектура;релакс
"Просто хочу поездку с архитектура, а остальное — как получится.",архитектура;походы;фотография
"Планирую тур с архитектура, вкусной музей и атмосферой .",архитектура;музей
"Ищу необычный маршрут: хочется и история, и немного шопинг.",история;шопинг
Что порекомендуете для любителя музыка и ?,музыка
"Посоветуйте место, где есть архитектура, а вечером — культура.",архитектура;культура;музей
"Ищу необычный маршрут: хочется и фотография, и немного шопинг.",фотография;шопинг
"Ищу необычный маршрут: хочется и дегустации, и немного .",дегустации
Где в Европе можно насладиться музыка и посетить религия?,музыка;религия;шопинг
"Посоветуйте место, где есть природа, а вечером — шопинг.",природа;шопинг
"Ищу необычный маршрут: хочется и история, и немного .",история
Где в Европе можно насладиться история и посетить ?,история
"Интересует маршрут с винный туризм и животные, но без спешки.",винный туризм;животные
Что порекомендуете для любителя музыка и парк?,музыка;парк;природа
"Подскажите город с еда, ночная жизнь, и чтобы вкусно поесть.",еда;ночная жизнь;парк
"Интересуют дегустации, ночная жизнь, ну и конечно .",дегустации;ночная жизнь
Что порекомендуете для любителя природа и ?,природа
Что порекомендуете для любителя архитектура и еда?,архитектура;еда
"Интересуют еда, животные, ну и конечно .",еда;животные
"Хочу отдых, где можно совместить активность, релакс и хорошее настроение.",активность;релакс
"Ищу необычный маршрут: хочется и архитектура, и немного пляж.",архитектура;пляж
"Тур по Европе, главное — животные, но и походы не помешает.",животные;походы
Что порекомендуете для любителя ночная жизнь и релакс?,ночная жизнь;релакс
"Маршрут, включающий история, спорт,  — реально?",история;спорт
"Подскажите город с ночная жизнь, походы, и чтобы вкусно поесть.",ночная жизнь;походы
"Куда поехать летом, чтобы были походы,  и даже немного ?",походы
Где в Европе можно насладиться культура и посетить фотография?,культура;фотография
Ищу место для фото с походы и прогулками в .,походы
"Интересует маршрут с животные и искусство, но без спешки.",животные;искусство
"Планирую тур с пляж, вкусной природа и атмосферой спорт.",пляж;природа;спорт
"Куда поехать летом, чтобы были дегустации, шопинг и даже немного ?",дегустации;шопинг
"Посоветуйте место, где есть история, а вечером — культура.",история;культура
"Интересуют активность, животные, ну и конечно .",активность;животные
"Планирую тур с архитектура, вкусной винный туризм и атмосферой искусство.",архитектура;винный туризм;искусство
Ищу место для фото с искусство и прогулками в музыка.,искусство;музыка;религия
"Меня интересуют винный туризм, религия и что-то связанное с .",винный туризм;религия
Планирую отпуск с уклоном в активность и обязательно с .,активность
"Маршрут, включающий пляж, природа,  — реально?",пляж;природа
"Куда поехать летом, чтобы были искусство, музыка и даже немного ?",искусство;музыка
"Интересует маршрут с история и культура, но без спешки.",история;культура;религия
"Мне нужно всё сразу: и архитектура, и спорт, и .",архитектура;спорт
"Планирую тур с походы, вкусной фотография и атмосферой .",походы;фотография
"Тур по Европе, главное — музей, но и пляж не помешает.",музей;пляж
"Интересует маршрут с природа и релакс, но без спешки.",природа;релакс;спорт
Планирую отпуск с уклоном в музыка и обязательно с фотография.,музыка;фотография
"Ищу необычный маршрут: хочется и культура, и немного парк.",культура;парк
Ищу место для фото с культура и прогулками в спорт.,культура;спорт
Где в Европе можно насладиться активность и посетить пляж?,активность;пляж
Планирую отпуск с уклоном в история и обязательно с спорт.,история;спорт
"Хочу в путешествии увидеть активность, попробовать культура, а может и ночная жизнь.",активность;культура;ночная жизнь
"Хочу поездку, чтобы отдохнуть и посмотреть на архитектура, может быть, ещё фотография.",архитектура;фотография
"Просто хочу поездку с дегустации, а остальное — как получится.",дегустации
"Куда поехать летом, чтобы были культура, музей и даже немного походы?",культура;музей;походы
"Маршрут, включающий религия, шопинг,  — реально?",религия;шопинг
"Хочу поездку, чтобы отдохнуть и посмотреть на спорт, может быть, ещё .",спорт
"Мне нужно всё сразу: и музыка, и пляж, и .",музыка;пляж
"Ищу необычный маршрут: хочется и животные, и немного походы.",животные;походы
"Ищу необычный маршрут: хочется и архитектура, и немного животные.",архитектура;животные
"Посоветуйте место, где есть пляж, а вечером — спорт.",пляж;спорт
"Ищу необычный маршрут: хочется и животные, и немного природа.",животные;природа
Ищу место для фото с искусство и прогулками в ночная жизнь.,искусство;ночная жизнь
"Тур по Европе, главное — активность, но и архитектура не помешает.",активность;архитектура;музей
Что порекомендуете для любителя искусство и ночная жизнь?,искусство;ночная жизнь
"Просто хочу поездку с винный туризм, а остальное — как получится.",винный туризм;еда;фотография
"Тур по Европе, главное — походы, но и  не помешает.",походы
"Ищу необычный маршрут: хочется и еда, и немного .",еда
"Тур по Европе, главное — музей, но и  не помешает.",музей
"Хочу в путешествии увидеть искусство, попробовать релакс, а может и .",искусство;релакс
"Хочу в путешествии увидеть религия, попробовать фотография, а может и .",религия;фотография
"Хочу отдых, где можно совместить культура, ночная жизнь и хорошее настроение.",культура;ночная жизнь;спорт
Что порекомендуете для любителя архитектура и история?,архитектура;история;походы
"Хочу поездку, чтобы отдохнуть и посмотреть на культура, может быть, ещё походы.",культура;походы
"Хочу в путешествии увидеть еда, попробовать шопинг, а может и .",еда;шопинг
"Мне нужно всё сразу: и музей, и ночная жизнь, и фотография.",музей;ночная жизнь;фотография
"Куда поехать летом, чтобы были активность,  и даже немного ?",активность
"Планирую тур с винный туризм, вкусной искусство и атмосферой природа.",винный туризм;искусство;природа
"Интересуют активность, , ну и конечно .",активность
"Маршрут, включающий дегустации, ,  — реально?",дегустации
Планирую отпуск с уклоном в музей и обязательно с фотография.,музей;фотография
Что порекомендуете для любителя активность и походы?,активность;походы
"Тур по Европе, главное — винный туризм, но и история не помешает.",винный туризм;история;религия
"Куда поехать летом, чтобы были дегустации, релакс и даже немного религия?",дегустации;релакс;религия
"Хочу в путешествии увидеть дегустации, попробовать животные, а может и ночная жизнь.",дегустации;животные;ночная жизнь
"Хочу отдых, где можно совместить винный туризм, парк и хорошее настроение.",винный туризм;парк
"Тур по Европе, главное — винный туризм, но и музыка не помешает.",винный туризм;музыка
"Мне нужно всё сразу: и искусство, и музыка, и .",искусство;музыка
"Посоветуйте место, где есть винный туризм, а вечером — пляж.",винный туризм;пляж
Где в Европе можно насладиться активность и посетить походы?,активность;походы
"Маршрут, включающий походы, религия,  — реально?",походы;религия
Где можно насладиться винный туризм и заодно заняться искусство?,винный туризм;искусство;походы
Где в Европе можно насладиться винный туризм и посетить походы?,винный туризм;походы
"Ищу необычный маршрут: хочется и искусство, и немного .",искусство
"Подскажите город с активность, дегустации, и чтобы вкусно поесть.",активность;дегустации;религия
"Мне нужно всё сразу: и активность, и парк, и пляж.",активность;парк;пляж
"Подскажите город с дегустации, музей, и чтобы вкусно поесть.",дегустации;музей
"Подскажите город с природа, шопинг, и чтобы вкусно поесть.",природа;шопинг
"Куда поехать летом, чтобы были искусство, ночная жизнь и даже немного религия?",искусство;ночная жизнь;религия
"Хочу отдых, где можно совместить искусство, парк и хорошее настроение.",искусство;парк;походы
"Интересует маршрут с культура и спорт, но без спешки.",культура;спорт
"Подскажите город с искусство, спорт, и чтобы вкусно поесть.",искусство;спорт
"Просто хочу поездку с история, а остальное — как получится.",история
"Хочу поездку, чтобы отдохнуть и посмотреть на музей, может быть, ещё релакс.",музей;релакс
Планирую отпуск с уклоном в архитектура и обязательно с животные.,архитектура;животные;музей
"Просто хочу поездку с животные, а остальное — как получится.",животные
"Интересует маршрут с ночная жизнь и релакс, но без спешки.",ночная жизнь;релакс;спорт
"Хочу поездку, чтобы отдохнуть и посмотреть на винный туризм, может быть, ещё .",винный туризм
"Посоветуйте место, где есть музей, а вечером — религия.",музей;религия;шопинг
Что порекомендуете для любителя активность и шопинг?,активность;шопинг
"Просто хочу поездку с культура, а остальное — как получится.",культура;ночная жизнь;релакс
"Тур по Европе, главное — спорт, но и шопинг не помешает.",спорт;шопинг
"Интересуют дегустации, музыка, ну и конечно .",дегустации;музыка
"Ищу необычный маршрут: хочется и природа, и немного релакс.",природа;релакс;фотография
Где можно насладиться активность и заодно заняться ночная жизнь?,активность;ночная жизнь;релакс
"Интересуют парк, пляж, ну и конечно .",парк;пляж
"Тур по Европе, главное — музыка, но и парк не помешает.",музыка;парк;спорт
"Хочу поездку, чтобы отдохнуть и посмотреть на история, может быть, ещё .",история
"Хочу в путешествии увидеть еда, попробовать искусство, а может и шопинг.",еда;искусство;шопинг
Где можно насладиться еда и заодно заняться искусство?,еда;искусство;природа
"Хочу поездку, чтобы отдохнуть и посмотреть на история, может быть, ещё пляж.",история;пляж
"Планирую тур с винный туризм, вкусной еда и атмосферой музыка.",винный туризм;еда;музыка
"Меня интересуют архитектура, еда и что-то связанное с .",архитектура;еда
Где в Европе можно насладиться история и посетить музей?,история;музей
"Меня интересуют активность, дегустации и что-то связанное с парк.",активность;дегустации;парк
Планирую отпуск с уклоном в животные и обязательно с ночная жизнь.,животные;ночная жизнь;парк
"Подскажите город с искусство, музыка, и чтобы вкусно поесть.",искусство;музыка
Что порекомендуете для любителя культура и спорт?,культура;спорт;шопинг
"Куда поехать летом, чтобы были музыка, шопинг и даже немного ?",музыка;шопинг
"Хочу отдых, где можно совместить история, культура и хорошее настроение.",история;культура
"Куда поехать летом, чтобы были культура,  и даже немного ?",культура
Ищу место для фото с активность и прогулками в пляж.,активность;пляж
"Планирую тур с ночная жизнь, вкусной пляж и атмосферой спорт.",ночная жизнь;пляж;спорт
"Хочу отдых, где можно совместить ночная жизнь, релакс и хорошее настроение.",ночная жизнь;релакс;фотография
Что порекомендуете для любителя музыка и фотография?,музыка;фотография
Планирую отпуск с уклоном в винный туризм и обязательно с парк.,винный туризм;парк
"Куда поехать летом, чтобы были пляж, походы и даже немного релакс?",пляж;походы;релакс
"Мне нужно всё сразу: и винный туризм, и животные, и .",винный туризм;животные
"Просто хочу поездку с активность, а остальное — как получится.",активность;ночная жизнь
"Хочу в путешествии увидеть ночная жизнь, попробовать релакс, а может и религия.",ночная жизнь;релакс;религия
"Подскажите город с винный туризм, дегустации, и чтобы вкусно поесть.",винный туризм;дегустации
"Интересуют музей, ночная жизнь, ну и конечно .",музей;ночная жизнь
"Интересует маршрут с винный туризм и , но без спешки.",винный туризм
"Планирую тур с ночная жизнь, вкусной фотография и атмосферой .",ночная жизнь;фотография
"Просто хочу поездку с музей, а остальное — как получится.",музей
"Куда поехать летом, чтобы были музыка,  и даже немного ?",музыка
"Интересуют еда, животные, ну и конечно походы.",еда;животные;походы
"Посоветуйте место, где есть еда, а вечером — музыка.",еда;музыка;походы
"Хочу отдых, где можно совместить пляж, спорт и хорошее настроение.",пляж;спорт
Где в Европе можно насладиться активность и посетить ?,активность
"Ищу необычный маршрут: хочется и животные, и немного культура.",животные;культура
"Хочу отдых, где можно совместить дегустации, искусство и хорошее настроение.",дегустации;искусство
"Ищу необычный маршрут: хочется и еда, и немного искусство.",еда;искусство;походы
Ищу место для фото с религия и прогулками в шопинг.,религия;шопинг
"Ищу необычный маршрут: хочется и животные, и немного искусство.",животные;искусство
"Ищу необычный маршрут: хочется и искусство, и немного походы.",искусство;походы
"Тур по Европе, главное — музыка, но и природа не помешает.",музыка;природа
"Посоветуйте место, где есть винный туризм, а вечером — музей.",винный туризм;музей;фотография
Где можно насладиться архитектура и заодно заняться музыка?,архитектура;музыка;религия
"Куда поехать летом, чтобы были музей, пляж и даже немного ?",музей;пляж
"Хочу в путешествии увидеть активность, попробовать еда, а может и .",активность;еда
Где можно насладиться спорт и заодно заняться шопинг?,спорт;шопинг
Где в Европе можно насладиться активность и посетить искусство?,активность;искусство
"Посоветуйте место, где есть животные, а вечером — ночная жизнь.",животные;ночная жизнь
"Тур по Европе, главное — винный туризм, но и еда не помешает.",винный туризм;еда;релакс
"Хочу в путешествии увидеть искусство, попробовать история, а может и походы.",искусство;история;походы
"Ищу необычный маршрут: хочется и архитектура, и немного культура.",архитектура;культура;пляж
"Посоветуйте место, где есть музыка, а вечером — природа.",музыка;природа;фотография
"Куда поехать летом, чтобы были еда, искусство и даже немного ?",еда;искусство
"Маршрут, включающий дегустации, фотография,  — реально?",дегустации;фотография
"Планирую тур с фотография, вкусной  и атмосферой .",фотография
"Хочу поездку, чтобы отдохнуть и посмотреть на фотография, может быть, ещё .",фотография
"Хочу отдых, где можно совместить музыка, фотография и хорошее настроение.",музыка;фотография;шопинг
"Хочу поездку, чтобы отдохнуть и посмотреть на дегустации, может быть, ещё спорт.",дегустации;спорт
"Меня интересуют искусство, релакс и что-то связанное с .",искусство;релакс
Где можно насладиться активность и заодно заняться искусство?,активность;искусство
"Хочу поездку, чтобы отдохнуть и посмотреть на релакс, может быть, ещё .",релакс
Ищу место для фото с винный туризм и прогулками в парк.,винный туризм;парк
"Ищу необычный маршрут: хочется и активность, и немного искусство.",активность;искусство
Ищу место для фото с парк и прогулками в .,парк
"Меня интересуют искусство, фотография и что-то связанное с .",искусство;фотография
"Ищу необычный маршрут: хочется и музыка, и немного парк.",музыка;парк
"Мне нужно всё сразу: и спорт, и , и .",спорт
"Посоветуйте место, где есть культура, а вечером — .",культура
"Хочу отдых, где можно совместить искусство, фотография и хорошее настроение.",искусство;фотография
"Хочу отдых, где можно совместить искусство,  и хорошее настроение.",искусство
"Хочу в путешествии увидеть еда, попробовать парк, а может и походы.",еда;парк;походы
"Интересует маршрут с искусство и спорт, но без спешки.",искусство;спорт
"Хочу в путешествии увидеть природа, попробовать релакс, а может и спорт.",природа;релакс;спорт
"Интересуют архитектура, парк, ну и конечно фотография.",архитектура;парк;фотография
"Интересует маршрут с искусство и шопинг, но без спешки.",искусство;шопинг
Где можно насладиться архитектура и заодно заняться еда?,архитектура;еда;культура
"Мне нужно всё сразу: и музей, и пляж, и религия.",музей;пляж;религия
Что порекомендуете для любителя музыка и шопинг?,музыка;шопинг
Ищу место для фото с природа и прогулками в религия.,природа;религия
Где можно насладиться животные и заодно заняться культура?,животные;культура
"Просто хочу поездку с походы, а остальное — как получится.",походы;религия
"Подскажите город с дегустации, музыка, и чтобы вкусно поесть.",дегустации;музыка;пляж
"Планирую тур с музыка, вкусной природа и атмосферой .",музыка;природа
"Мне нужно всё сразу: и искусство, и , и .",искусство
Ищу место для фото с активность и прогулками в история.,активность;история;спорт
"Подскажите город с культура, , и чтобы вкусно поесть.",культура
Ищу место для фото с музей и прогулками в пляж.,музей;пляж;спорт
"Ищу необычный маршрут: хочется и дегустации, и немного музыка.",дегустации;музыка
"Ищу необычный маршрут: хочется и культура, и немного природа.",культура;природа
"Маршрут, включающий животные, культура, ночная жизнь — реально?",животные;культура;ночная жизнь
"Подскажите город с архитектура, история, и чтобы вкусно поесть.",архитектура;история;релакс
"Маршрут, включающий музыка, ночная жизнь,  — реально?",музыка;ночная жизнь
"Интересует маршрут с еда и ночная жизнь, но без спешки.",еда;ночная жизнь
"Хочу поездку, чтобы отдохнуть и посмотреть на музей, может быть, ещё шопинг.",музей;шопинг
"Хочу отдых, где можно совместить культура,  и хорошее настроение.",культура
"Хочу в путешествии увидеть архитектура, попробовать искусство, а может и фотография.",архитектура;искусство;фотография
"Посоветуйте место, где есть архитектура, а вечером — шопинг.",архитектура;шопинг
"Интересуют музей, парк, ну и конечно релакс.",музей;парк;релакс
"Посоветуйте место, где есть ночная жизнь, а вечером — спорт.",ночная жизнь;спорт
"Интересуют искусство, культура, ну и конечно .",искусство;культура
"Ищу необычный маршрут: хочется и музей, и немного походы.",музей;походы
"Куда поехать летом, чтобы были ночная жизнь, релакс и даже немного ?",ночная жизнь;релакс
"Планирую тур с история, вкусной музей и атмосферой .",история;музей
"Посоветуйте место, где есть парк, а вечером — пляж.",парк;пляж;фотография
Ищу место для фото с искусство и прогулками в музей.,искусство;музей;ночная жизнь
Где в Европе можно насладиться культура и посетить пляж?,культура;пляж;спорт
"Куда поехать летом, чтобы были активность, винный туризм и даже немного шопинг?",активность;винный туризм;шопинг
"Хочу в путешествии увидеть архитектура, попробовать музей, а может и .",архитектура;музей
"Просто хочу поездку с парк, а остальное — как получится.",парк;спорт
